<?xml version="1.0" encoding="UTF-8"?>
<pointConfig featureType="STATION_PROFILE">
  <table type="Structure" subtype="Structure" structName="record">
    <coordinate type="Lat">staLat</coordinate>
    <coordinate type="Lon">staLon</coordinate>
    <coordinate type="StnAlt">staElev</coordinate>
    <coordinate type="Time">synTime</coordinate>
    <coordinate type="StnId">staName</coordinate>
    <coordinate type="WmoId">wmoStaNum</coordinate>

    <table type="Singleton">
      <table type="MultidimInner" dim0="recNum" dim1="manLevel" subtype="Structure" structName="record">
        <coordinate type="Elev">prMan</coordinate>
      </table>
      <table type="MultidimInner" dim0="recNum" dim1="sigTLevel" subtype="Structure" structName="record">
        <coordinate type="Elev">prSigT</coordinate>
      </table>
      <table type="MultidimInner" dim0="recNum" dim1="sigWLevel" subtype="Structure" structName="record">
        <coordinate type="Elev">htSigW</coordinate>
      </table>
      <table type="MultidimInner" dim0="recNum" dim1="mTropNum" subtype="Structure" structName="record">
        <coordinate type="Elev">prTrop</coordinate>
      </table>
      <table type="MultidimInner" dim0="recNum" dim1="mWndNum" subtype="Structure" structName="record">
        <coordinate type="Elev">prMaxW</coordinate>
      </table>
    </table>
  </table>
</pointConfig>